empresa,cnpj
iterate integrated e-markets,04.732.658/0001-49
productize killer mindshare,24.960.873/0001-04
unleash B2B content,19.534.028/0001-37
harness best-of-breed schemas,79.408.652/0001-10
e-enable wireless web services,07.518.293/0001-42
redefine magnetic action-items,28.706.935/0001-07
monetize distributed initiatives,85.364.921/0001-96
evolve integrated vortals,93.416.502/0001-89
repurpose back-end info-mediaries,19.280.537/0001-80
mesh efficient deliverables,39.642.875/0001-22
visualize synergistic infrastructures,51.749.280/0001-76
utilize real-time initiatives,35.279.048/0001-65
iterate magnetic paradigms,98.106.754/0001-25
evolve out-of-the-box initiatives,09.315.874/0001-02
drive leading-edge methodologies,08.649.253/0001-00
optimize seamless convergence,62.043.798/0001-06
strategize 24/365 portals,57.296.108/0001-90
leverage granular supply-chains,84.193.706/0001-07
innovate transparent networks,84.537.219/0001-14
scale value-added bandwidth,15.042.963/0001-25
